<?xml version="1.0" encoding="UTF-8"?>
<CustomField xmlns="http://soap.sforce.com/2006/04/metadata">
    <fullName>Actual_Rating__c</fullName>
    <externalId>false</externalId>
    <formula>if(ispickval(Rating,&quot;warm&quot;)||ispickval(Rating,&quot;cold&quot;)||ispickval(Rating,&quot;hot&quot;),
 (
if(ispickval(Rating,&quot;hot&quot;),
hyperlink(&quot;https://www.flipkart.com&quot;,image(&quot;https://png.pngtree.com/background/20210714/original/pngtree-plain-red-solid-color-background-picture-image_1218986.jpg&quot;,&quot;red image not available&quot;,200,200)),
(
if(ispickval(Rating,&quot;warm&quot;),
hyperlink(&quot;https://www.google.com&quot;,image(&quot;https://thumbs.dreamstime.com/z/plain-yellow-background-entire-frame-can-be-used-as-copy-space-168014346.jpg&quot;,&quot;red image not available&quot;,200,200)),
(
if(ispickval(Rating,&quot;cold&quot;),
hyperlink(&quot;https://www.amazon.in&quot;,image(&quot;https://wallpapercave.com/dwp1x/wp4477741.jpg&quot;,&quot;red image not available&quot;,200,200)),
(
&quot;&quot;
)
)))))),&quot;Rating Not Available&quot;)</formula>
    <formulaTreatBlanksAs>BlankAsZero</formulaTreatBlanksAs>
    <label>Actual Rating</label>
    <required>false</required>
    <type>Text</type>
    <unique>false</unique>
</CustomField>
