<?xml version="1.0" encoding="UTF-8"?>
<CustomField xmlns="http://soap.sforce.com/2006/04/metadata">
    <fullName>Affilation__c</fullName>
    <externalId>false</externalId>
    <label>Affilation</label>
    <required>false</required>
    <trackFeedHistory>false</trackFeedHistory>
    <type>Picklist</type>
    <valueSet>
        <restricted>true</restricted>
        <valueSetDefinition>
            <sorted>false</sorted>
            <value>
                <fullName>NAT</fullName>
                <default>false</default>
                <label>NAT</label>
            </value>
            <value>
                <fullName>NON-NAT</fullName>
                <default>false</default>
                <label>NON-NAT</label>
            </value>
        </valueSetDefinition>
    </valueSet>
</CustomField>
