<?xml version="1.0" encoding="UTF-8"?>
<CustomField xmlns="http://soap.sforce.com/2006/04/metadata">
    <fullName>Business_Segment__c</fullName>
    <externalId>false</externalId>
    <label>Business Segment</label>
    <required>false</required>
    <trackFeedHistory>false</trackFeedHistory>
    <type>Picklist</type>
    <valueSet>
        <restricted>true</restricted>
        <valueSetDefinition>
            <sorted>false</sorted>
            <value>
                <fullName>UsHospital</fullName>
                <default>false</default>
                <label>UsHospital</label>
            </value>
            <value>
                <fullName>UsSchool</fullName>
                <default>false</default>
                <label>UsSchool</label>
            </value>
        </valueSetDefinition>
    </valueSet>
</CustomField>
