<?xml version="1.0" encoding="UTF-8"?>
<CustomField xmlns="http://soap.sforce.com/2006/04/metadata">
    <fullName>Close_Opportunities__c</fullName>
    <defaultValue>0</defaultValue>
    <description>It will Count Total cold opportunities related to an account</description>
    <externalId>false</externalId>
    <label>Close Opportunities</label>
    <precision>18</precision>
    <required>false</required>
    <scale>0</scale>
    <trackFeedHistory>false</trackFeedHistory>
    <type>Number</type>
    <unique>false</unique>
</CustomField>
