<?xml version="1.0" encoding="UTF-8"?>
<CustomField xmlns="http://soap.sforce.com/2006/04/metadata">
    <fullName>Region__c</fullName>
    <description>Customer’s geographical region—for sales operations use only.</description>
    <externalId>false</externalId>
    <inlineHelpText>In which region is the customer based?</inlineHelpText>
    <label>Region</label>
    <required>false</required>
    <trackFeedHistory>false</trackFeedHistory>
    <type>Picklist</type>
    <valueSet>
        <restricted>true</restricted>
        <valueSetName>Region</valueSetName>
    </valueSet>
</CustomField>
