<?xml version="1.0" encoding="UTF-8"?>
<CustomField xmlns="http://soap.sforce.com/2006/04/metadata">
    <fullName>Remaining_Days_For_Birthday__c</fullName>
    <externalId>false</externalId>
    <formula>IF(
    MONTH( DATE(YEAR(Birthday__c) + (YEAR( TODAY() ) - YEAR(Birthday__c)), MONTH(Birthday__c), DAY(Birthday__c))) &lt; MONTH(Birthday__c), 
    ( DATE(YEAR(TODAY())+1, MONTH(TODAY()), DAY(TODAY()))-TODAY()), 
    DATE(YEAR(Birthday__c) + (YEAR( TODAY() ) - YEAR(Birthday__c)), MONTH(Birthday__c), DAY(Birthday__c))-TODAY() 
)</formula>
    <formulaTreatBlanksAs>BlankAsZero</formulaTreatBlanksAs>
    <label>Remaining Days For Birthday</label>
    <precision>18</precision>
    <required>false</required>
    <scale>0</scale>
    <type>Number</type>
    <unique>false</unique>
</CustomField>
