<?xml version="1.0" encoding="UTF-8"?>
<FieldSet xmlns="http://soap.sforce.com/2006/04/metadata">
    <fullName>AccountFieldSet</fullName>
    <availableFields>
        <field>Approval_Status__c</field>
        <isFieldManaged>false</isFieldManaged>
        <isRequired>false</isRequired>
    </availableFields>
    <availableFields>
        <field>Birthday__c</field>
        <isFieldManaged>false</isFieldManaged>
        <isRequired>false</isRequired>
    </availableFields>
    <description>To use fields dynamically</description>
    <displayedFields>
        <field>MasterRecordId</field>
        <isFieldManaged>false</isFieldManaged>
        <isRequired>false</isRequired>
    </displayedFields>
    <displayedFields>
        <field>Id</field>
        <isFieldManaged>false</isFieldManaged>
        <isRequired>false</isRequired>
    </displayedFields>
    <displayedFields>
        <field>Name</field>
        <isFieldManaged>false</isFieldManaged>
        <isRequired>false</isRequired>
    </displayedFields>
    <displayedFields>
        <field>ExternalIdField__c</field>
        <isFieldManaged>false</isFieldManaged>
        <isRequired>false</isRequired>
    </displayedFields>
    <displayedFields>
        <field>AccountNumber</field>
        <isFieldManaged>false</isFieldManaged>
        <isRequired>false</isRequired>
    </displayedFields>
    <displayedFields>
        <field>Active__c</field>
        <isFieldManaged>false</isFieldManaged>
        <isRequired>false</isRequired>
    </displayedFields>
    <displayedFields>
        <field>Rating</field>
        <isFieldManaged>false</isFieldManaged>
        <isRequired>false</isRequired>
    </displayedFields>
    <displayedFields>
        <field>ShippingCity</field>
        <isFieldManaged>false</isFieldManaged>
        <isRequired>false</isRequired>
    </displayedFields>
    <displayedFields>
        <field>Amt1__c</field>
        <isFieldManaged>false</isFieldManaged>
        <isRequired>false</isRequired>
    </displayedFields>
    <displayedFields>
        <field>ShippingState</field>
        <isFieldManaged>false</isFieldManaged>
        <isRequired>false</isRequired>
    </displayedFields>
    <displayedFields>
        <field>LastModifiedDate</field>
        <isFieldManaged>false</isFieldManaged>
        <isRequired>false</isRequired>
    </displayedFields>
    <displayedFields>
        <field>Amt2__c</field>
        <isFieldManaged>false</isFieldManaged>
        <isRequired>false</isRequired>
    </displayedFields>
    <displayedFields>
        <field>Phone</field>
        <isFieldManaged>false</isFieldManaged>
        <isRequired>false</isRequired>
    </displayedFields>
    <displayedFields>
        <field>AnnualRevenue</field>
        <isFieldManaged>false</isFieldManaged>
        <isRequired>false</isRequired>
    </displayedFields>
    <displayedFields>
        <field>BillingCity</field>
        <isFieldManaged>false</isFieldManaged>
        <isRequired>false</isRequired>
    </displayedFields>
    <displayedFields>
        <field>BillingCountry</field>
        <isFieldManaged>false</isFieldManaged>
        <isRequired>false</isRequired>
    </displayedFields>
    <displayedFields>
        <field>BillingGeocodeAccuracy</field>
        <isFieldManaged>false</isFieldManaged>
        <isRequired>false</isRequired>
    </displayedFields>
    <displayedFields>
        <field>BillingLatitude</field>
        <isFieldManaged>false</isFieldManaged>
        <isRequired>false</isRequired>
    </displayedFields>
    <displayedFields>
        <field>BillingState</field>
        <isFieldManaged>false</isFieldManaged>
        <isRequired>false</isRequired>
    </displayedFields>
    <displayedFields>
        <field>BillingStreet</field>
        <isFieldManaged>false</isFieldManaged>
        <isRequired>false</isRequired>
    </displayedFields>
    <displayedFields>
        <field>Active_Contact__c</field>
        <isFieldManaged>false</isFieldManaged>
        <isRequired>false</isRequired>
    </displayedFields>
    <displayedFields>
        <field>Actual_Rating__c</field>
        <isFieldManaged>false</isFieldManaged>
        <isRequired>false</isRequired>
    </displayedFields>
    <displayedFields>
        <field>All_Contacts_Name__c</field>
        <isFieldManaged>false</isFieldManaged>
        <isRequired>false</isRequired>
    </displayedFields>
    <displayedFields>
        <field>Affilation__c</field>
        <isFieldManaged>false</isFieldManaged>
        <isRequired>false</isRequired>
    </displayedFields>
    <displayedFields>
        <field>BillingLongitude</field>
        <isFieldManaged>false</isFieldManaged>
        <isRequired>false</isRequired>
    </displayedFields>
    <label>AccountFieldSet</label>
</FieldSet>
