<?xml version="1.0" encoding="UTF-8"?>
<CustomField xmlns="http://soap.sforce.com/2006/04/metadata">
    <fullName>Learning_Topic__c</fullName>
    <deleteConstraint>SetNull</deleteConstraint>
    <externalId>false</externalId>
    <label>Learning Topic</label>
    <referenceTo>Learning_Topic__c</referenceTo>
    <relationshipLabel>Assesments</relationshipLabel>
    <relationshipName>Assesments</relationshipName>
    <required>false</required>
    <trackTrending>false</trackTrending>
    <type>Lookup</type>
</CustomField>
