<?xml version="1.0" encoding="UTF-8"?>
<WebLink xmlns="http://soap.sforce.com/2006/04/metadata">
    <fullName>See_Photo</fullName>
    <availability>online</availability>
    <displayType>massActionButton</displayType>
    <encodingKey>UTF-8</encodingKey>
    <height>600</height>
    <linkType>url</linkType>
    <masterLabel>See Photo</masterLabel>
    <openType>sidebar</openType>
    <protected>false</protected>
    <requireRowSelection>true</requireRowSelection>
    <url>/sfc/p/2w00000QuOvO/a/2w000000QYFb/jE0A22YMmG2cNEueLAUCi3HPbFxlFHmDExIS4uC2YhA</url>
</WebLink>
