<?xml version="1.0" encoding="UTF-8"?>
<RecordType xmlns="http://soap.sforce.com/2006/04/metadata">
    <fullName>Record_Type_2</fullName>
    <active>true</active>
    <label>Record Type 2</label>
    <picklistValues>
        <picklist>AccountSource</picklist>
        <values>
            <fullName>Other</fullName>
            <default>false</default>
        </values>
        <values>
            <fullName>Partner Referral</fullName>
            <default>false</default>
        </values>
        <values>
            <fullName>Phone Inquiry</fullName>
            <default>false</default>
        </values>
        <values>
            <fullName>Purchased List</fullName>
            <default>false</default>
        </values>
        <values>
            <fullName>Web</fullName>
            <default>false</default>
        </values>
    </picklistValues>
    <picklistValues>
        <picklist>Affilation__c</picklist>
        <values>
            <fullName>NAT</fullName>
            <default>false</default>
        </values>
        <values>
            <fullName>NON-NAT</fullName>
            <default>false</default>
        </values>
    </picklistValues>
    <picklistValues>
        <picklist>Approval_Status__c</picklist>
        <values>
            <fullName>Approved</fullName>
            <default>false</default>
        </values>
        <values>
            <fullName>Not Approved</fullName>
            <default>false</default>
        </values>
        <values>
            <fullName>Pending</fullName>
            <default>false</default>
        </values>
    </picklistValues>
    <picklistValues>
        <picklist>Business_Segment__c</picklist>
        <values>
            <fullName>UsHospital</fullName>
            <default>false</default>
        </values>
        <values>
            <fullName>UsSchool</fullName>
            <default>false</default>
        </values>
    </picklistValues>
    <picklistValues>
        <picklist>Case__c</picklist>
        <values>
            <fullName>Closed</fullName>
            <default>false</default>
        </values>
        <values>
            <fullName>Open</fullName>
            <default>false</default>
        </values>
        <values>
            <fullName>other</fullName>
            <default>false</default>
        </values>
    </picklistValues>
    <picklistValues>
        <picklist>CustomerPriority__c</picklist>
        <values>
            <fullName>High</fullName>
            <default>false</default>
        </values>
        <values>
            <fullName>Low</fullName>
            <default>false</default>
        </values>
        <values>
            <fullName>Medium</fullName>
            <default>false</default>
        </values>
    </picklistValues>
    <picklistValues>
        <picklist>Industry</picklist>
        <values>
            <fullName>Apparel</fullName>
            <default>false</default>
        </values>
        <values>
            <fullName>Banking</fullName>
            <default>false</default>
        </values>
        <values>
            <fullName>Biotechnology</fullName>
            <default>false</default>
        </values>
        <values>
            <fullName>Chemicals</fullName>
            <default>false</default>
        </values>
        <values>
            <fullName>Communications</fullName>
            <default>false</default>
        </values>
        <values>
            <fullName>Construction</fullName>
            <default>false</default>
        </values>
        <values>
            <fullName>Consulting</fullName>
            <default>false</default>
        </values>
        <values>
            <fullName>Education</fullName>
            <default>false</default>
        </values>
        <values>
            <fullName>Electronics</fullName>
            <default>false</default>
        </values>
        <values>
            <fullName>Energy</fullName>
            <default>false</default>
        </values>
        <values>
            <fullName>Engineering</fullName>
            <default>false</default>
        </values>
        <values>
            <fullName>Entertainment</fullName>
            <default>false</default>
        </values>
        <values>
            <fullName>Environmental</fullName>
            <default>false</default>
        </values>
        <values>
            <fullName>Finance</fullName>
            <default>false</default>
        </values>
        <values>
            <fullName>Food %26 Beverage</fullName>
            <default>false</default>
        </values>
        <values>
            <fullName>Government</fullName>
            <default>false</default>
        </values>
        <values>
            <fullName>Healthcare</fullName>
            <default>false</default>
        </values>
        <values>
            <fullName>Hospitality</fullName>
            <default>false</default>
        </values>
        <values>
            <fullName>Insurance</fullName>
            <default>false</default>
        </values>
        <values>
            <fullName>Machinery</fullName>
            <default>false</default>
        </values>
        <values>
            <fullName>Manufacturing</fullName>
            <default>false</default>
        </values>
        <values>
            <fullName>Media</fullName>
            <default>false</default>
        </values>
        <values>
            <fullName>Not For Profit</fullName>
            <default>false</default>
        </values>
        <values>
            <fullName>Other</fullName>
            <default>false</default>
        </values>
        <values>
            <fullName>Recreation</fullName>
            <default>false</default>
        </values>
        <values>
            <fullName>Retail</fullName>
            <default>false</default>
        </values>
        <values>
            <fullName>Shipping</fullName>
            <default>false</default>
        </values>
        <values>
            <fullName>Technology</fullName>
            <default>false</default>
        </values>
        <values>
            <fullName>Telecommunications</fullName>
            <default>false</default>
        </values>
        <values>
            <fullName>Transportation</fullName>
            <default>false</default>
        </values>
        <values>
            <fullName>Utilities</fullName>
            <default>false</default>
        </values>
    </picklistValues>
    <picklistValues>
        <picklist>Ownership</picklist>
        <values>
            <fullName>Other</fullName>
            <default>false</default>
        </values>
        <values>
            <fullName>Private</fullName>
            <default>false</default>
        </values>
        <values>
            <fullName>Public</fullName>
            <default>false</default>
        </values>
        <values>
            <fullName>Subsidiary</fullName>
            <default>false</default>
        </values>
    </picklistValues>
    <picklistValues>
        <picklist>Rating</picklist>
        <values>
            <fullName>Cold</fullName>
            <default>false</default>
        </values>
        <values>
            <fullName>Hot</fullName>
            <default>false</default>
        </values>
        <values>
            <fullName>Warm</fullName>
            <default>false</default>
        </values>
    </picklistValues>
    <picklistValues>
        <picklist>Region__c</picklist>
        <values>
            <fullName>APAC</fullName>
            <default>false</default>
        </values>
        <values>
            <fullName>Canada</fullName>
            <default>false</default>
        </values>
        <values>
            <fullName>EMEA</fullName>
            <default>false</default>
        </values>
        <values>
            <fullName>LATAM</fullName>
            <default>false</default>
        </values>
        <values>
            <fullName>US</fullName>
            <default>false</default>
        </values>
    </picklistValues>
    <picklistValues>
        <picklist>SLA__c</picklist>
        <values>
            <fullName>Bronze</fullName>
            <default>false</default>
        </values>
        <values>
            <fullName>Gold</fullName>
            <default>false</default>
        </values>
        <values>
            <fullName>Platinum</fullName>
            <default>false</default>
        </values>
        <values>
            <fullName>Silver</fullName>
            <default>false</default>
        </values>
    </picklistValues>
    <picklistValues>
        <picklist>Type</picklist>
        <values>
            <fullName>Channel Partner %2F Reseller</fullName>
            <default>false</default>
        </values>
        <values>
            <fullName>Installation Partner</fullName>
            <default>false</default>
        </values>
        <values>
            <fullName>Other</fullName>
            <default>false</default>
        </values>
        <values>
            <fullName>Technology Partner</fullName>
            <default>false</default>
        </values>
    </picklistValues>
    <picklistValues>
        <picklist>UpsellOpportunity__c</picklist>
        <values>
            <fullName>Maybe</fullName>
            <default>false</default>
        </values>
        <values>
            <fullName>No</fullName>
            <default>false</default>
        </values>
        <values>
            <fullName>Yes</fullName>
            <default>false</default>
        </values>
    </picklistValues>
    <picklistValues>
        <picklist>Zone__c</picklist>
        <values>
            <fullName>Africa</fullName>
            <default>false</default>
        </values>
        <values>
            <fullName>Caribbean</fullName>
            <default>false</default>
        </values>
        <values>
            <fullName>Central America</fullName>
            <default>false</default>
        </values>
        <values>
            <fullName>Central Canada</fullName>
            <default>false</default>
        </values>
        <values>
            <fullName>East Asia</fullName>
            <default>false</default>
        </values>
        <values>
            <fullName>East Coast</fullName>
            <default>false</default>
        </values>
        <values>
            <fullName>Europe</fullName>
            <default>false</default>
        </values>
        <values>
            <fullName>Mexico</fullName>
            <default>false</default>
        </values>
        <values>
            <fullName>Middle East</fullName>
            <default>false</default>
        </values>
        <values>
            <fullName>Midwest US</fullName>
            <default>false</default>
        </values>
        <values>
            <fullName>Mountains and the West</fullName>
            <default>false</default>
        </values>
        <values>
            <fullName>Northeast US</fullName>
            <default>false</default>
        </values>
        <values>
            <fullName>Northern Canada</fullName>
            <default>false</default>
        </values>
        <values>
            <fullName>Oceania</fullName>
            <default>false</default>
        </values>
        <values>
            <fullName>South America</fullName>
            <default>false</default>
        </values>
        <values>
            <fullName>Southeast Asia</fullName>
            <default>false</default>
        </values>
        <values>
            <fullName>Southeast US</fullName>
            <default>false</default>
        </values>
        <values>
            <fullName>Southwest US</fullName>
            <default>false</default>
        </values>
        <values>
            <fullName>The Prairies</fullName>
            <default>false</default>
        </values>
        <values>
            <fullName>UK %2B Ireland</fullName>
            <default>false</default>
        </values>
        <values>
            <fullName>West US</fullName>
            <default>false</default>
        </values>
    </picklistValues>
</RecordType>
