<?xml version="1.0" encoding="UTF-8"?>
<CustomField xmlns="http://soap.sforce.com/2006/04/metadata">
    <fullName>Summary_Field__c</fullName>
    <externalId>false</externalId>
    <formula>if(mid(First_Field__c +IF(!ISBLANK(Second_Field__c),&quot;-&quot;,&quot;&quot;)+ Second_Field__c +
IF(!ISBLANK(Third_Field__c),&quot;-&quot;,&quot;&quot;)+ Third_Field__c +IF(!ISBLANK(Fourth_Field__c),&quot;-&quot;,&quot;&quot;)+
 Fourth_Field__c +IF(!ISBLANK(Fifth_Field__c),&quot;-&quot;,&quot;&quot;)+ Fifth_Field__c,1,1)=&apos;-&apos;,MID(First_Field__c +IF(!ISBLANK(Second_Field__c),&quot;-&quot;,&quot;&quot;)+ Second_Field__c +
IF(!ISBLANK(Third_Field__c),&quot;-&quot;,&quot;&quot;)+ Third_Field__c +IF(!ISBLANK(Fourth_Field__c),&quot;-&quot;,&quot;&quot;)+
 Fourth_Field__c +IF(!ISBLANK(Fifth_Field__c),&quot;-&quot;,&quot;&quot;)+ Fifth_Field__c,2,LEN(First_Field__c +IF(!ISBLANK(Second_Field__c),&quot;-&quot;,&quot;&quot;)+ Second_Field__c +
IF(!ISBLANK(Third_Field__c),&quot;-&quot;,&quot;&quot;)+ Third_Field__c +IF(!ISBLANK(Fourth_Field__c),&quot;-&quot;,&quot;&quot;)+
 Fourth_Field__c +IF(!ISBLANK(Fifth_Field__c),&quot;-&quot;,&quot;&quot;)+ Fifth_Field__c)),First_Field__c +IF(!ISBLANK(Second_Field__c),&quot;-&quot;,&quot;&quot;)+ Second_Field__c +
IF(!ISBLANK(Third_Field__c),&quot;-&quot;,&quot;&quot;)+ Third_Field__c +IF(!ISBLANK(Fourth_Field__c),&quot;-&quot;,&quot;&quot;)+
 Fourth_Field__c +IF(!ISBLANK(Fifth_Field__c),&quot;-&quot;,&quot;&quot;)+ Fifth_Field__c)</formula>
    <inlineHelpText>This is Coming from First Field, Second Field, Third Field, Fourth Field and Fifth Field.</inlineHelpText>
    <label>Summary Field</label>
    <required>false</required>
    <trackTrending>false</trackTrending>
    <type>Text</type>
    <unique>false</unique>
</CustomField>
