<?xml version="1.0" encoding="UTF-8"?>
<LightningComponentBundle xmlns="http://soap.sforce.com/2006/04/metadata">
    <apiVersion>57.0</apiVersion>
    <isExposed>true</isExposed>
    <targets>
        <target>lightning__RecordPage</target>
        <target>lightning__AppPage</target>
        <target>lightning__HomePage</target>
        <target>lightning__Tab</target>
    </targets>
    <targetConfigs>
      <targetConfig targets="lightning__RecordPage">
          <objects>
              <object>Account</object>
              <object>Opportunity</object>
          </objects>
      </targetConfig>
  </targetConfigs>
</LightningComponentBundle>